BWV,Name,Type,Key,Instrumentations
BWV 1:1,,Concerto,C major,"Strings, Basso Continuo"
BWV 2:2,,Ouverture,D major,"Oboe, Strings, Basso Continuo"
BWV 3:3,,Sonata,E minor,"Violin, Strings, Basso Continuo"
BWV 4:4,,Suite,F major,"Flute, Basso Continuo"
BWV 5:5,,Sinfonia,G minor,"Strings, Basso Continuo"
BWV 6:6,,Trio,A major,"Oboe, Strings, Basso Continuo"
BWV 7:1,,Concerto,C major,"Violin, Strings, Basso Continuo"
BWV 8:2,,Ouverture,D major,"Flute, Basso Continuo"
BWV 9:3,,Sonata,E minor,"Strings, Basso Continuo"
BWV 10:4,,Suite,F major,"Oboe, Strings, Basso Continuo"
BWV 11:5,,Sinfonia,G minor,"Violin, Strings, Basso Continuo"
BWV 12:6,,Trio,A major,"Flute, Basso Continuo"
BWV 13:1,,Concerto,C major,"Strings, Basso Continuo"
BWV 14:2,,Ouverture,D major,"Oboe, Strings, Basso Continuo"
BWV 15:3,,Sonata,E minor,"Violin, Strings, Basso Continuo"
BWV 16:4,,Suite,F major,"Flute, Basso Continuo"
BWV 17:5,,Sinfonia,G minor,"Strings, Basso Continuo"
BWV 18:6,,Trio,A major,"Oboe, Strings, Basso Continuo"
BWV 19:1,,Concerto,C major,"Violin, Strings, Basso Continuo"
BWV 20:2,,Ouverture,D major,"Flute, Basso Continuo"
BWV 21:3,,Sonata,E minor,"Strings, Basso Continuo"
BWV 22:4,,Suite,F major,"Oboe, Strings, Basso Continuo"
BWV 23:5,,Sinfonia,G minor,"Violin, Strings, Basso Continuo"
BWV 24:6,,Trio,A major,"Flute, Basso Continuo"
BWV 25:1,,Concerto,C major,"Strings, Basso Continuo"
BWV 26:2,,Ouverture,D major,"Oboe, Strings, Basso Continuo"
BWV 27:3,,Sonata,E minor,"Violin, Strings, Basso Continuo"
BWV 28:4,,Suite,F major,"Flute, Basso Continuo"
BWV 29:5,,Sinfonia,G minor,"Strings, Basso Continuo"
BWV 30:6,,Trio,A major,"Oboe, Strings, Basso Continuo"
BWV 31:1,,Concerto,C major,"Violin, Strings, Basso Continuo"
BWV 32:2,,Ouverture,D major,"Flute, Basso Continuo"
BWV 33:3,,Sonata,E minor,"Strings, Basso Continuo"
BWV 34:4,,Suite,F major,"Oboe, Strings, Basso Continuo"
BWV 35:5,,Sinfonia,G minor,"Violin, Strings, Basso Continuo"
BWV 36:6,,Trio,A major,"Flute, Basso Continuo"
BWV 37:1,,Concerto,C major,"Strings, Basso Continuo"
BWV 38:2,,Ouverture,D major,"Oboe, Strings, Basso Continuo"
BWV 39:3,,Sonata,E minor,"Violin, Strings, Basso Continuo"
BWV 40:4,,Suite,F major,"Flute, Basso Continuo"
BWV 41:5,,Sinfonia,G minor,"Strings, Basso Continuo"
BWV 42:6,,Trio,A major,"Oboe, Strings, Basso Continuo"
BWV 43:1,,Concerto,C major,"Violin, Strings, Basso Continuo"
BWV 44:2,,Ouverture,D major,"Flute, Basso Continuo"
BWV 45:3,,Sonata,E minor,"Strings, Basso Continuo"
BWV 46:4,,Suite,F major,"Oboe, Strings, Basso Continuo"
BWV 47:5,,Sinfonia,G minor,"Violin, Strings, Basso Continuo"
BWV 48:6,,Trio,A major,"Flute, Basso Continuo"
BWV 49:1,,Concerto,C major,"Strings, Basso Continuo"
BWV 50:2,,Ouverture,D major,"Oboe, Strings, Basso Continuo"
BWV 51:3,,Sonata,E minor,"Violin, Strings, Basso Continuo"
BWV 52:4,,Suite,F major,"Flute, Basso Continuo"
BWV 53:5,,Sinfonia,G minor,"Strings, Basso Continuo"
BWV 54:6,,Trio,A major,"Oboe, Strings, Basso Continuo"
BWV 55:1,,Concerto,C major,"Violin, Strings, Basso Continuo"
BWV 56:2,,Ouverture,D major,"Flute, Basso Continuo"
BWV 57:3,,Sonata,E minor,"Strings, Basso Continuo"
BWV 58:4,,Suite,F major,"Oboe, Strings, Basso Continuo"
BWV 59:5,,Sinfonia,G minor,"Violin, Strings, Basso Continuo"
BWV 60:6,,Trio,A major,"Flute, Basso Continuo"
