KV,Name,Type,Key,Instrumentations
KV 1,,Concerto,C major,"Strings, Basso Continuo"
KV 2,,Ouverture,D major,"Oboe, Strings, Basso Continuo"
KV 3,,Sonata,E minor,"Violin, Strings, Basso Continuo"
KV 4,,Suite,F major,"Flute, Basso Continuo"
KV 5,,Sinfonia,G minor,"Strings, Basso Continuo"
KV 6,,Trio,A major,"Oboe, Strings, Basso Continuo"
KV 7,,Concerto,C major,"Violin, Strings, Basso Continuo"
KV 8,,Ouverture,D major,"Flute, Basso Continuo"
KV 9,,Sonata,E minor,"Strings, Basso Continuo"
KV 10,,Suite,F major,"Oboe, Strings, Basso Continuo"
KV 11,,Sinfonia,G minor,"Violin, Strings, Basso Continuo"
KV 12,,Trio,A major,"Flute, Basso Continuo"
KV 13,,Concerto,C major,"Strings, Basso Continuo"
KV 14,,Ouverture,D major,"Oboe, Strings, Basso Continuo"
KV 15,,Sonata,E minor,"Violin, Strings, Basso Continuo"
KV 16,,Suite,F major,"Flute, Basso Continuo"
KV 17,,Sinfonia,G minor,"Strings, Basso Continuo"
KV 18,,Trio,A major,"Oboe, Strings, Basso Continuo"
KV 19,,Concerto,C major,"Violin, Strings, Basso Continuo"
KV 20,,Ouverture,D major,"Flute, Basso Continuo"
KV 21,,Sonata,E minor,"Strings, Basso Continuo"
KV 22,,Suite,F major,"Oboe, Strings, Basso Continuo"
KV 23,,Sinfonia,G minor,"Violin, Strings, Basso Continuo"
KV 24,,Trio,A major,"Flute, Basso Continuo"
KV 25,,Concerto,C major,"Strings, Basso Continuo"
KV 26,,Ouverture,D major,"Oboe, Strings, Basso Continuo"
KV 27,,Sonata,E minor,"Violin, Strings, Basso Continuo"
KV 28,,Suite,F major,"Flute, Basso Continuo"
KV 29,,Sinfonia,G minor,"Strings, Basso Continuo"
KV 30,,Trio,A major,"Oboe, Strings, Basso Continuo"
KV 31,,Concerto,C major,"Violin, Strings, Basso Continuo"
KV 32,,Ouverture,D major,"Flute, Basso Continuo"
KV 33,,Sonata,E minor,"Strings, Basso Continuo"
KV 34,,Suite,F major,"Oboe, Strings, Basso Continuo"
KV 35,,Sinfonia,G minor,"Violin, Strings, Basso Continuo"
KV 36,,Trio,A major,"Flute, Basso Continuo"
KV 37,,Concerto,C major,"Strings, Basso Continuo"
KV 38,,Ouverture,D major,"Oboe, Strings, Basso Continuo"
KV 39,,Sonata,E minor,"Violin, Strings, Basso Continuo"
KV 40,,Suite,F major,"Flute, Basso Continuo"
KV 41,,Sinfonia,G minor,"Strings, Basso Continuo"
KV 42,,Trio,A major,"Oboe, Strings, Basso Continuo"
KV 43,,Concerto,C major,"Violin, Strings, Basso Continuo"
KV 44,,Ouverture,D major,"Flute, Basso Continuo"
KV 45,,Sonata,E minor,"Strings, Basso Continuo"
KV 46,,Suite,F major,"Oboe, Strings, Basso Continuo"
KV 47,,Sinfonia,G minor,"Violin, Strings, Basso Continuo"
KV 48,,Trio,A major,"Flute, Basso Continuo"
KV 49,,Concerto,C major,"Strings, Basso Continuo"
KV 50,,Ouverture,D major,"Oboe, Strings, Basso Continuo"
KV 51,,Sonata,E minor,"Violin, Strings, Basso Continuo"
KV 52,,Suite,F major,"Flute, Basso Continuo"
KV 53,,Sinfonia,G minor,"Strings, Basso Continuo"
KV 54,,Trio,A major,"Oboe, Strings, Basso Continuo"
KV 55,,Concerto,C major,"Violin, Strings, Basso Continuo"
KV 56,,Ouverture,D major,"Flute, Basso Continuo"
KV 57,,Sonata,E minor,"Strings, Basso Continuo"
KV 58,,Suite,F major,"Oboe, Strings, Basso Continuo"
KV 59,,Sinfonia,G minor,"Violin, Strings, Basso Continuo"
KV 60,,Trio,A major,"Flute, Basso Continuo"
