TWV,Name,Type,Key,Instrumentations
TWV 1:C1,,Kantate,C major,"SATB, Strings, Basso Continuo"
TWV 1:d2,,Kantate,D minor,"SATB, Oboe, Strings, Basso Continuo"
TWV 20:G1,,Serenata,G major,"SATB, 2 Violins, Viola, Basso Continuo"
TWV 21:a3,,Opera,A minor,"Soprano, Alto, Tenor, Strings"
TWV 30:D4,,Suite,D major,"Harpsichord"
TWV 31:e5,,Sonata,E minor,"Flute, Basso Continuo"
TWV 32:F6,,Partita,F major,"Harpsichord"
TWV 33:g7,,Fantasia,G minor,"Organ"
TWV 40:C8,,Trio,C major,"Flute, Violin, Basso Continuo"
TWV 41:d9,,Quartet,D minor,"2 Flutes, Viola da gamba, Basso Continuo"
TWV 42:E10,,Sonata,E major,"Oboe, Violin, Basso Continuo"
TWV 43:a11,,Concerto,A minor,"Recorder, Strings, Basso Continuo"
TWV 44:F12,,Trio,F major,"2 Violins, Cello, Basso Continuo"
TWV 45:g13,,Quartet,G minor,"2 Oboes, Bassoon, Basso Continuo"
TWV 50:D14,,Sinfonia,D major,"2 Oboes, Strings, Basso Continuo"
TWV 51:D1,,Ouverture,D major,"2 Oboes, Strings, Basso Continuo"
TWV 51:a2,,Ouverture,A minor,"Flute, Strings, Basso Continuo"
TWV 51:e3,,Ouverture,E minor,"2 Oboes, Strings, Basso Continuo"
TWV 52:A4,,Concerto,A major,"3 Trumpets, Timpani, Strings"
TWV 52:d5,,Concerto,D minor,"2 Oboes, Strings, Basso Continuo"
TWV 53:F6,,Suite,F major,"Strings, Basso Continuo"
TWV 53:g7,,Suite,G minor,"2 Oboes, Bassoon, Strings"
TWV 54:D8,,Ouverture,D major,"Flute, Oboe, Strings, Basso Continuo"
TWV 55:e9,,Concerto,E minor,"Violin, Strings, Basso Continuo"
TWV 55:G10,,Concerto,G major,"2 Horns, Strings, Basso Continuo"
TWV 1:A14,,Kantate,A major,"SATB, 2 Oboes, Strings"
TWV 1:f15,,Kantate,F minor,"Solo voice, Oboe, Strings"
TWV 2:C16,,Oratorio,C major,"SATB, Orchestra"
TWV 2:g17,,Oratorio,G minor,"SATB, 2 Oboes, Strings"
TWV 3:D18,,Passion,D major,"SATB, Orchestra, Basso Continuo"
TWV 3:e19,,Passion,E minor,"SATB, Strings, Organ"
TWV 20:C20,,Serenata,C major,"Soprano, Tenor, Strings"
TWV 20:b21,,Serenata,B minor,"Solo voices, Oboes, Strings"
TWV 21:F22,,Opera,F major,"Solo voices, Orchestra"
TWV 21:d23,,Opera,D minor,"Solo voices, Strings, Basso Continuo"
TWV 30:A24,,Suite,A major,"Harpsichord"
TWV 30:g25,,Suite,G minor,"Harpsichord"
TWV 31:B26,,Sonata,B-flat major,"Flute, Basso Continuo"
TWV 31:c27,,Sonata,C minor,"Oboe, Basso Continuo"
TWV 32:D28,,Partita,D major,"Harpsichord"
TWV 32:e29,,Partita,E minor,"Organ"
TWV 33:F30,,Fantasia,F major,"Harpsichord"
TWV 33:a31,,Fantasia,A minor,"Harpsichord"
TWV 40:G32,,Trio,G major,"Flute, Violin, Basso Continuo"
TWV 40:c33,,Trio,C minor,"2 Violins, Basso Continuo"
TWV 41:A34,,Quartet,A major,"Flute, Oboe, Violin, Basso Continuo"
TWV 41:f35,,Quartet,F minor,"2 Flutes, Viola, Basso Continuo"
TWV 42:B36,,Sonata,B-flat major,"Oboe, Basso Continuo"
TWV 42:d37,,Sonata,D minor,"Violin, Basso Continuo"
TWV 43:C38,,Concerto,C major,"Recorder, 2 Violins, Basso Continuo"
TWV 43:e39,,Concerto,E minor,"Flute, Strings, Basso Continuo"
TWV 44:D40,,Trio,D major,"2 Oboes, Basso Continuo"
TWV 44:g41,,Trio,G minor,"2 Violins, Cello, Basso Continuo"
TWV 45:A42,,Quartet,A major,"Flute, Oboe, Viola, Basso Continuo"
TWV 45:c43,,Quartet,C minor,"2 Oboes, Bassoon, Basso Continuo"
TWV 50:G44,,Sinfonia,G major,"2 Horns, Strings, Basso Continuo"
TWV 50:a45,,Sinfonia,A minor,"Oboe, Bassoon, Strings"
TWV 51:F46,,Ouverture,F major,"2 Flutes, Strings, Basso Continuo"
TWV 51:c47,,Ouverture,C minor,"2 Oboes, Strings, Basso Continuo"
TWV 52:E48,,Concerto,E major,"3 Trumpets, Timpani, Strings"
